cs01	c5_st17	N==49987?17:13	131042	local_orchestrator_9180/queue16_final_b16_condstride_20260709/cs01_c5_st17.cpp
cs02	c5_st19	N==49987?19:13	131042	local_orchestrator_9180/queue16_final_b16_condstride_20260709/cs02_c5_st19.cpp
cs03	c5_st23	N==49987?23:13	131042	local_orchestrator_9180/queue16_final_b16_condstride_20260709/cs03_c5_st23.cpp	submitted 1569/19925460 => 53.928626, 5/7, test4 SSIM
cs04	c5_st29	N==49987?29:13	131042	local_orchestrator_9180/queue16_final_b16_condstride_20260709/cs04_c5_st29.cpp
cs05	c5_stm7	N==49987?-7:13	131042	local_orchestrator_9180/queue16_final_b16_condstride_20260709/cs05_c5_stm7.cpp
cs06	c5_stm13	N==49987?-13:13	131043	local_orchestrator_9180/queue16_final_b16_condstride_20260709/cs06_c5_stm13.cpp
cs07	lo20_st17	N>20000&&N<25000?17:13	131050	local_orchestrator_9180/queue16_final_b16_condstride_20260709/cs07_lo20_st17.cpp
cs08	lo20_st23	N>20000&&N<25000?23:13	131050	local_orchestrator_9180/queue16_final_b16_condstride_20260709/cs08_lo20_st23.cpp
cs09	mid25_st17	N>=25000&&N<40000?17:13	131051	local_orchestrator_9180/queue16_final_b16_condstride_20260709/cs09_mid25_st17.cpp
cs10	mid25_st23	N>=25000&&N<40000?23:13	131051	local_orchestrator_9180/queue16_final_b16_condstride_20260709/cs10_mid25_st23.cpp
cs11	hi4e5_st17	N>400000?17:13	131042	local_orchestrator_9180/queue16_final_b16_condstride_20260709/cs11_hi4e5_st17.cpp
cs12	hi4e5_stm7	N>400000?-7:13	131042	local_orchestrator_9180/queue16_final_b16_condstride_20260709/cs12_hi4e5_stm7.cpp
cs13	hi4e5_st23	N>400000?23:13	131042	local_orchestrator_9180/queue16_final_b16_condstride_20260709/cs13_hi4e5_st23.cpp
cs14	hi4e5_st29	N>400000?29:13	131042	local_orchestrator_9180/queue16_final_b16_condstride_20260709/cs14_hi4e5_st29.cpp
cs15	hi32_40_st17	N>320000&&N<=400000?17:13	131053	local_orchestrator_9180/queue16_final_b16_condstride_20260709/cs15_hi32_40_st17.cpp
cs16	hi32_40_st23	N>320000&&N<=400000?23:13	131053	local_orchestrator_9180/queue16_final_b16_condstride_20260709/cs16_hi32_40_st23.cpp
