fb01	st=5	131029	local_orchestrator_9180/queue16_final_b16_stride_20260709/fb01_st5.cpp
fb02	st=7	131029	local_orchestrator_9180/queue16_final_b16_stride_20260709/fb02_st7.cpp
fb03	st=9	131029	local_orchestrator_9180/queue16_final_b16_stride_20260709/fb03_st9.cpp
fb04	st=11	131030	local_orchestrator_9180/queue16_final_b16_stride_20260709/fb04_st11.cpp
fb05	st=13	131030	local_orchestrator_9180/queue16_final_b16_stride_20260709/fb05_st13.cpp
fb06	st=15	131030	local_orchestrator_9180/queue16_final_b16_stride_20260709/fb06_st15.cpp
fb07	st=17	131030	local_orchestrator_9180/queue16_final_b16_stride_20260709/fb07_st17.cpp	submitted 1570/19925467 => 53.928292, 5/7, test4 SSIM
fb08	st=19	131030	local_orchestrator_9180/queue16_final_b16_stride_20260709/fb08_st19.cpp
fb09	st=23	131030	local_orchestrator_9180/queue16_final_b16_stride_20260709/fb09_st23.cpp
fb10	st=29	131030	local_orchestrator_9180/queue16_final_b16_stride_20260709/fb10_st29.cpp
fb11	st=-5	131030	local_orchestrator_9180/queue16_final_b16_stride_20260709/fb11_stm5.cpp
fb12	st=-7	131030	local_orchestrator_9180/queue16_final_b16_stride_20260709/fb12_stm7.cpp	submitted 1577/19927875 => 53.924958, 5/7
fb13	st=-11	131031	local_orchestrator_9180/queue16_final_b16_stride_20260709/fb13_stm11.cpp
fb14	st=-13	131031	local_orchestrator_9180/queue16_final_b16_stride_20260709/fb14_stm13.cpp
fb15	st=-17	131031	local_orchestrator_9180/queue16_final_b16_stride_20260709/fb15_stm17.cpp
fb16	st=-23	131031	local_orchestrator_9180/queue16_final_b16_stride_20260709/fb16_stm23.cpp
